{
  "best_f1": 0.8681318681318682,
  "config": {
    "dataset_name": "rest14",
    "model_name": "bert-base-uncased",
    "batch_size": 16,
    "learning_rate": 3e-05,
    "num_epochs": 15,
    "seed": 42
  },
  "best_metrics": {
    "aspect_f1": 0.8681318681318682,
    "aspect_precision": 0.8876404494382022,
    "aspect_recall": 0.8494623655913979,
    "opinion_f1": 0.8928571428571429,
    "opinion_precision": 0.872093023255814,
    "opinion_recall": 0.9146341463414634,
    "sentiment_f1": 0.9393939393939394,
    "sentiment_precision": 0.9587628865979382,
    "sentiment_recall": 0.9207920792079208,
    "triplet_f1": 0.5767195767195767,
    "overall_accuracy": 0.9301134961756723
  },
  "training_complete": true
}