{
  "best_f1": 0.8729281767955801,
  "config": {
    "dataset_name": "rest14",
    "model_name": "bert-base-uncased",
    "batch_size": 16,
    "learning_rate": 3e-05,
    "num_epochs": 15,
    "seed": 42
  },
  "best_metrics": {
    "aspect_f1": 0.8729281767955801,
    "aspect_precision": 0.8977272727272727,
    "aspect_recall": 0.8494623655913979,
    "opinion_f1": 0.8765432098765432,
    "opinion_precision": 0.8875,
    "opinion_recall": 0.8658536585365854,
    "sentiment_f1": 0.9326424870466321,
    "sentiment_precision": 0.9782608695652174,
    "sentiment_recall": 0.8910891089108911,
    "triplet_f1": 0.5613793103448276,
    "overall_accuracy": 0.9275845053047126
  },
  "training_complete": true
}